{
    "Mean Squared Error": 50762884.856617644,
    "Root Mean Squared Error": 7124.807706641467,
    "R^2 Score": 0.6329159845286333
}