{
    "Mean Squared Error": 50691147.00741631,
    "Root Mean Squared Error": 7119.7715558447735,
    "R^2 Score": 0.6334347457814755
}