{
    "Mean Squared Error": 50350547.841179036,
    "Root Mean Squared Error": 7095.811993082894,
    "R^2 Score": 0.6358977364086184
}